name,base,baseLocal,childCount,children,documentation,kind
ActivityConveyanceAssociationType,nc:AssociationType,AssociationType,3,"[""Activity"", ""Conveyance"", ""ActivityConveyanceAssociationAugmentationPoint""]",A data type for an association between an activity and a conveyance.,complexContent-extension
ActivityDocumentAssociationType,nc:AssociationType,AssociationType,3,"[""Activity"", ""Document"", ""ActivityDocumentAssociationAugmentationPoint""]",A data type for an association between an activity and a document.,complexContent-extension
ActivityFacilityAssociationType,nc:AssociationType,AssociationType,3,"[""Activity"", ""Facility"", ""ActivityFacilityAssociationAugmentationPoint""]",A data type for an association between an activity and a facility.,complexContent-extension
ActivityItemAssociationType,nc:AssociationType,AssociationType,3,"[""Activity"", ""Item"", ""ActivityItemAssociationAugmentationPoint""]",A data type for an association between an activity and an item.,complexContent-extension
ActivityOrganizationAssociationType,nc:AssociationType,AssociationType,4,"[""Activity"", ""Organization"", ""ActivityInvolvementAbstract"", ""ActivityOrganizationAssociationAugmentationPoint""]",A data type for an association between an activity and an organization.,complexContent-extension
ActivityPersonAssociationType,nc:AssociationType,AssociationType,4,"[""Activity"", ""Person"", ""ActivityInvolvementAbstract"", ""ActivityPersonAssociationAugmentationPoint""]",A data type for an association between an activity and a person.,complexContent-extension
ActivityScheduleAssociationType,nc:AssociationType,AssociationType,3,"[""Activity"", ""ScheduleDay"", ""ActivityScheduleAssociationAugmentationPoint""]",A data type for an association between an activity and its schedule.,complexContent-extension
ActivitySiteAssociationType,nc:AssociationType,AssociationType,3,"[""Activity"", ""Site"", ""ActivitySiteAssociationAugmentationPoint""]",A data type for an association between an activity and a site.,complexContent-extension
ActivityType,structures:ObjectType,ObjectType,28,"[""ActivityIdentification"", ""ActivityActualDuration"", ""ActivityApprovedIndicator"", ""ActivityAssignedDate"", ""ActivityCapacityQuantity"", ""ActivityCategoryAbstract"", ""ActivityComment"", ""ActivityCompletedIndicator"", ""ActivityContactEntity"", ""ActivityDate"", ""ActivityDescriptionText"", ""ActivityDisposition"", ""ActivityDueDate"", ""ActivityEffectiveDate"", ""ActivityEstimatedDuration"", ""ActivityFrequencyText"", ""ActivityLocation"", ""ActivityName"", ""ActivityNarrative"", ""ActivityPrescribedDuration"", ""ActivityReasonAbstract"", ""ActivityReportedDate"", ""ActivityRequestedDate"", ""ActivityScheduledDate"", ""ActivitySequenceNumeric"", ""ActivityStatus"", ""ActivityVerifiedDate"", ""ActivityAugmentationPoint""]","A data type for a single or set of related actions, events, or process steps.",complexContent-extension
AddressCategoryCodeType,nc:AddressCategoryCodeSimpleType,AddressCategoryCodeSimpleType,0,[],A data type for a kind of address.,simpleContent-wrapper
AddressGridType,structures:ObjectType,ObjectType,3,"[""AddressGridID"", ""AddressGridText"", ""AddressGridAugmentationPoint""]",A data type for a location identified by a unit of a grid system overlaid on an area.,complexContent-extension
AddressType,structures:ObjectType,ObjectType,14,"[""AddressFullText"", ""AddressPrivateMailboxText"", ""AddressSecondaryUnitText"", ""AddressDeliveryPointAbstract"", ""AddressRecipientName"", ""AddressCityName"", ""AddressCountyAbstract"", ""AddressState"", ""AddressCountry"", ""AddressPostalCode"", ""AddressPostalExtensionCode"", ""AddressUrbanizationName"", ""AddressCategoryAbstract"", ""AddressAugmentationPoint""]",A data type for a geophysical location described by postal information.,complexContent-extension
AircraftType,nc:ConveyanceType,ConveyanceType,10,"[""AircraftBaseAirport"", ""AircraftCallSignIdentification"", ""AircraftCategoryAbstract"", ""AircraftFuselageColorAbstract"", ""AircraftMakeAbstract"", ""AircraftModelAbstract"", ""AircraftStyleAbstract"", ""AircraftTailIdentification"", ""AircraftWingColorAbstract"", ""AircraftAugmentationPoint""]",A data type for a mode of transportation capable of flying in the air.,complexContent-extension
AirportType,nc:FacilityType,FacilityType,2,"[""AirportCodeAbstract"", ""AirportAugmentationPoint""]",A data type for an airport facility.,complexContent-extension
AmountType,structures:ObjectType,ObjectType,3,"[""Amount"", ""CurrencyAbstract"", ""AmountAugmentationPoint""]",A data type for an amount of money.,complexContent-extension
AngleMeasureType,nc:MeasureType,MeasureType,2,"[""AngleUnitAbstract"", ""AngleMeasureAugmentationPoint""]",A data type for a measure of an angular value.,complexContent-extension
AngularMeasureType,structures:ObjectType,ObjectType,4,"[""AngularDegreeValue"", ""AngularMinuteValue"", ""AngularSecondValue"", ""AngularMeasureAugmentationPoint""]",A data type for the measurement of an angle.,complexContent-extension
AngularMinuteType,nc:AngularMinuteSimpleType,AngularMinuteSimpleType,0,[],"A data type for a minute of a degree, with a restricted range of 0 (inclusive) to 60 (exclusive).",simpleContent-wrapper
AngularRateMeasureType,nc:MeasureType,MeasureType,2,"[""AngularRateUnitAbstract"", ""AngularRateMeasureAugmentationPoint""]",A data type for a measure of the angular rate of change.,complexContent-extension
AngularSecondType,nc:AngularSecondSimpleType,AngularSecondSimpleType,0,[],"A data type for a second of a minute, with a restricted range of 0 (inclusive) to 60 (exclusive).",simpleContent-wrapper
AnomalyType,structures:ObjectType,ObjectType,6,"[""AnomalyCategoryAbstract"", ""AnomalyContactInformation"", ""AnomalyDateTime"", ""AnomalyDescriptionText"", ""AnomalyLocation"", ""AnomalyAugmentationPoint""]",A data type for an out-of-the-ordinary occurrence.,complexContent-extension
AreaMeasureType,nc:MeasureType,MeasureType,2,"[""AreaMeasureUnitAbstract"", ""AreaMeasureAugmentationPoint""]",A data type for a measure of the amount of space covered by a flat surface or piece of land.,complexContent-extension
AreaType,structures:ObjectType,ObjectType,4,"[""AreaDescriptionText"", ""AreaGeographicAbstract"", ""AreaRegionAbstract"", ""AreaAugmentationPoint""]",A data type for a location identified by geographic boundaries.,complexContent-extension
ArrivalType,structures:ObjectType,ObjectType,4,"[""ArrivalDate"", ""ArrivalEstimatedDate"", ""ArrivalLocation"", ""ArrivalAugmentationPoint""]",A data type for a coming to one location from another.,complexContent-extension
AssessmentType,nc:ActivityType,ActivityType,16,"[""AssessmentAssessor"", ""AssessmentCategoryAbstract"", ""AssessmentComment"", ""AssessmentFee"", ""AssessmentImage"", ""AssessmentOutcomeText"", ""AssessmentPerson"", ""AssessmentProgram"", ""AssessmentRecommendation"", ""AssessmentReferral"", ""AssessmentReport"", ""AssessmentScoreAbstract"", ""AssessmentSummaryText"", ""AssessmentToolDescriptionText"", ""AssessmentToolName"", ""AssessmentAugmentationPoint""]","A data type for an evaluation, appraisal, or assessment of something or someone.",complexContent-extension
AssociationType,structures:AssociationType,AssociationType,3,"[""AssociationDateRange"", ""AssociationDescriptionText"", ""AssociationAugmentationPoint""]","A data type for an association, connection, relationship, or involvement somehow linking people, things, and/or activities together.",complexContent-extension
BearingType,structures:ObjectType,ObjectType,3,"[""AzimuthAbstract"", ""InclinationAbstract"", ""BearingAugmentationPoint""]",A data type for a direction in a polar coordinate system.,complexContent-extension
BinaryHashFunctionCodeType,nc:BinaryHashFunctionCodeSimpleType,BinaryHashFunctionCodeSimpleType,0,[],A data type for a hash function used to generate a hash value representing an object encoded in a binary format.,simpleContent-wrapper
BinaryHashType,structures:ObjectType,ObjectType,3,"[""BinaryHashCode"", ""BinaryHashFunctionAbstract"", ""BinaryHashAugmentationPoint""]",A data type for a hash value representing an object encoded in a binary format.,complexContent-extension
BinaryType,structures:ObjectType,ObjectType,14,"[""BinaryID"", ""BinaryCategoryAbstract"", ""BinaryHash"", ""BinaryLocation"", ""BinaryAvailableIndicator"", ""BinaryObjectAbstract"", ""BinaryCaptureDate"", ""BinaryCapturer"", ""BinaryDescriptionText"", ""BinaryFormatAbstract"", ""BinaryFormatStandardName"", ""BinaryURI"", ""BinarySizeValue"", ""BinaryAugmentationPoint""]",A data type for a digital representation of an object encoded in a binary format.,complexContent-extension
BooleanListType,nc:BooleanListSimpleType,BooleanListSimpleType,0,[],A data type for a white space-delimited list of boolean.,simpleContent-wrapper
CapabilityType,structures:ObjectType,ObjectType,10,"[""CapabilityCategoryAbstract"", ""CapabilityDescriptionText"", ""CapabilityEndDate"", ""CapabilityGeneralCategoryAbstract"", ""CapabilityIdentification"", ""CapabilityIsLimitationIndicator"", ""CapabilityName"", ""CapabilityProficiencyText"", ""CapabilityStartDate"", ""CapabilityAugmentationPoint""]",A data type for an ability to complete a task or execute a course of action under specified condition and level of performance.,complexContent-extension
CaseDispositionDecisionType,structures:ObjectType,ObjectType,3,"[""CaseDispositionDecisionText"", ""CaseDispositionDecisionCategoryAbstract"", ""CaseDispositionDecisionAugmentationPoint""]",A data type for the disposition of a case occurring as a result of some decision.,complexContent-extension
CaseDispositionType,nc:DispositionType,DispositionType,3,"[""CaseDispositionFinalDate"", ""CaseDispositionDecision"", ""CaseDispositionAugmentationPoint""]",A data type for an outcome or processing of a case.,complexContent-extension
CaseType,nc:ActivityType,ActivityType,10,"[""CaseTitleText"", ""CaseCategoryAbstract"", ""CaseGeneralCategoryAbstract"", ""CaseYearDate"", ""CaseTrackingID"", ""CaseSubCategoryAbstract"", ""CaseDocketID"", ""CaseResolutionText"", ""CaseFiling"", ""CaseAugmentationPoint""]",A data type for an aggregation of information about a set of related activities and events.,complexContent-extension
CaveatType,structures:ObjectType,ObjectType,4,"[""CaveatText"", ""CaveatReferenceDate"", ""CaveatIssuingAuthorityText"", ""CaveatAugmentationPoint""]",A data type for warning or caution information.,complexContent-extension
CircularRegionType,structures:ObjectType,ObjectType,3,"[""CircularRegionCenterCoordinate"", ""CircularRegionRadiusLengthMeasure"", ""CircularRegionAugmentationPoint""]",A data type for a circular area identified by a center coordinate and a radius.,complexContent-extension
CodeType,xs:token,token,0,[],A data type for a code with codes sourced from an external code list.,simpleContent-wrapper
CommentType,structures:ObjectType,ObjectType,5,"[""CommentAuthorText"", ""CommentCreationDate"", ""CommentText"", ""CommentTitleText"", ""CommentAugmentationPoint""]","A data type for a comment, note, or remark providing additional information.",complexContent-extension
ConditionType,nc:ActivityType,ActivityType,8,"[""ConditionGroupID"", ""ConditionSetDate"", ""ConditionDisciplinaryAction"", ""ConditionMandatoryIndicator"", ""ConditionViolatedIndicator"", ""ConditionViolationAbstract"", ""ConditionViolationDate"", ""ConditionAugmentationPoint""]",A data type for a requirement or stipulation.,complexContent-extension
ConsumptionRateMeasureType,nc:MeasureType,MeasureType,2,"[""ConsumptionRateUnitAbstract"", ""ConsumptionRateMeasureAugmentationPoint""]",A data type for a measure of a rate of consumption.,complexContent-extension
ContactInformationAvailabilityCodeType,nc:ContactInformationAvailabilityCodeSimpleType,ContactInformationAvailabilityCodeSimpleType,0,[],A data type for a period of time or a situation in which an entity is available to be contacted with the given contact information.,simpleContent-wrapper
ContactInformationType,structures:ObjectType,ObjectType,8,"[""ContactMeansAbstract"", ""ContactEntity"", ""ContactEntityDescriptionText"", ""ContactInformationCategoryAbstract"", ""ContactInformationDescriptionText"", ""ContactResponder"", ""ContactInformationAvailabilityAbstract"", ""ContactInformationAugmentationPoint""]",A data type for how to contact a person or an organization.,complexContent-extension
ContactRadioType,structures:ObjectType,ObjectType,4,"[""ContactRadioCategoryAbstract"", ""ContactRadioChannelText"", ""ContactRadioCallSignID"", ""ContactRadioAugmentationPoint""]",A data type for a method of contacting a person or organization by messages over a radio.,complexContent-extension
ConveyanceType,nc:ItemType,ItemType,8,"[""ConveyanceCategoryAbstract"", ""ConveyanceCargoText"", ""ConveyanceEngineQuantity"", ""ConveyanceFuelCategoryAbstract"", ""ConveyanceMotorizedIndicator"", ""ConveyanceTowedIndicator"", ""ConveyanceUseAbstract"", ""ConveyanceAugmentationPoint""]",A data type for a means of transport from place to place.,complexContent-extension
CountryType,structures:ObjectType,ObjectType,2,"[""CountryRepresentation"", ""CountryAugmentationPoint""]","A data type for a country, territory, dependency, or other such geopolitical subdivision of a location.",complexContent-extension
CrisisType,structures:ObjectType,ObjectType,8,"[""CrisisIdentification"", ""CrisisName"", ""CrisisLocation"", ""CrisisImage"", ""CrisisURLID"", ""CrisisDescriptionText"", ""CrisisStatus"", ""CrisisAugmentationPoint""]",A data type for a crisis.,complexContent-extension
CrossStreetType,structures:ObjectType,ObjectType,4,"[""CrossStreetDescriptionText"", ""CrossStreetRelativeLocation"", ""AddressStreet"", ""CrossStreetAugmentationPoint""]",A data type for a location identified by two or more streets which intersect.,complexContent-extension
DateRangeType,structures:ObjectType,ObjectType,3,"[""StartDate"", ""EndDate"", ""DateRangeAugmentationPoint""]",A data type for a range of dates.,complexContent-extension
DateType,structures:ObjectType,ObjectType,4,"[""DateRepresentation"", ""DateAccuracyAbstract"", ""DateMarginOfErrorDuration"", ""DateAugmentationPoint""]",A data type for a calendar date.,complexContent-extension
DayOfWeekCodeType,nc:DayOfWeekCodeSimpleType,DayOfWeekCodeSimpleType,0,[],A data type for days of the week.,simpleContent-wrapper
DecalType,structures:ObjectType,ObjectType,6,"[""DecalID"", ""DecalColorAbstract"", ""DecalPeriodAbstract"", ""DecalYearDate"", ""DecalMonthDate"", ""DecalAugmentationPoint""]",A data type for a sticker.,complexContent-extension
DecimalListType,nc:DecimalListSimpleType,DecimalListSimpleType,0,[],A data type for a white space-delimited list of decimal.,simpleContent-wrapper
DecimalRangeType,structures:ObjectType,ObjectType,3,"[""RangeMinimumDecimalValue"", ""RangeMaximumDecimalValue"", ""DecimalRangeAugmentationPoint""]",A data type for a range of decimal values.,complexContent-extension
Degree180PlusMinusType,nc:Degree180PlusMinusSimpleType,Degree180PlusMinusSimpleType,0,[],A data type for an angle measured in degrees between -180 and 180.,simpleContent-wrapper
Degree360Type,nc:Degree360SimpleType,Degree360SimpleType,0,[],A data type for a value between 0 (inclusive) and 360 (exclusive).,simpleContent-wrapper
Degree90PlusMinusType,nc:Degree90PlusMinusSimpleType,Degree90PlusMinusSimpleType,0,[],A data type for an angle measured in degrees between -90 and 90.,simpleContent-wrapper
Degree90Type,nc:Degree90SimpleType,Degree90SimpleType,0,[],A data type for a value between 0 (inclusive) and 90 (exclusive).,simpleContent-wrapper
DepartureType,structures:ObjectType,ObjectType,4,"[""DepartureDate"", ""DepartureEstimatedDate"", ""DepartureLocation"", ""DepartureAugmentationPoint""]",A data type for a leaving from one location to another.,complexContent-extension
DeviceInformationAssociationType,nc:AssociationType,AssociationType,8,"[""TelecommunicationDevice"", ""DeviceUser"", ""DeviceReceivedInformationAbstract"", ""DeviceSentInformationAbstract"", ""DeviceStoredInformationAbstract"", ""DeviceVisitedInformationAbstract"", ""Activity"", ""DeviceInformationAssociationAugmentationPoint""]","A data type for an association between a device and a message, website, binary, or other kind of information.",complexContent-extension
DeviceType,nc:ItemType,ItemType,6,"[""DeviceCategoryAbstract"", ""DeviceESNIdentification"", ""DeviceIMEIIdentification"", ""DeviceElectronicAddress"", ""DeviceStoredContactInformation"", ""DeviceAugmentationPoint""]",A data type for a device.,complexContent-extension
DirectDialTelephoneNumberType,structures:ObjectType,ObjectType,3,"[""DirectDialTelephoneNetworkText"", ""DirectDialTelephoneNumberID"", ""DirectDialTelephoneNumberAugmentationPoint""]","A data type for a telephone number consisting of a shortened sequence of numbers that can be used within a local telephone system, such as a particular network or a corporate phone system.",complexContent-extension
DirectionCodeType,nc:DirectionCodeSimpleType,DirectionCodeSimpleType,0,[],A data type for compass directions.,simpleContent-wrapper
DisciplinaryActionType,nc:ActivityType,ActivityType,9,"[""DisciplinaryActionPerson"", ""DisciplinaryActionAssigner"", ""DisciplinaryActionCommunityService"", ""DisciplinaryActionEnforcer"", ""DisciplinaryActionCounseling"", ""DisciplinaryActionFee"", ""DisciplinaryActionProgram"", ""DisciplinaryActionRestitution"", ""DisciplinaryActionAugmentationPoint""]","A data type for an activity assigned to a person for the purpose of self-improvement, punishment, or restitution.",complexContent-extension
DispositionType,structures:ObjectType,ObjectType,9,"[""DispositionCategoryAbstract"", ""DispositionEntity"", ""DispositionDate"", ""DispositionDescriptionText"", ""DispositionReasonAbstract"", ""DispositionReportedAuthorityText"", ""DispositionText"", ""DispositionInstrument"", ""DispositionAugmentationPoint""]","A data type for a result or outcome that is the product of handling, processing, or finalizing something.",complexContent-extension
DocumentAssociationType,nc:AssociationType,AssociationType,4,"[""PrimaryDocument"", ""SecondaryDocument"", ""DocumentRelationAbstract"", ""DocumentAssociationAugmentationPoint""]",A data type for a relationship between documents.,complexContent-extension
DocumentType,structures:ObjectType,ObjectType,65,"[""DocumentApprovedIndicator"", ""DocumentAuthor"", ""DocumentCategoryAbstract"", ""DocumentCategoryDescriptionText"", ""DocumentContentAbstract"", ""DocumentContentListText"", ""DocumentContributor"", ""DocumentCopyrightIndicator"", ""DocumentCountry"", ""DocumentCoverageAbstract"", ""DocumentCreationDate"", ""DocumentDescriptionText"", ""DocumentDispositionAuthorityName"", ""DocumentDispositionInstructionText"", ""DocumentDisputedIndicator"", ""DocumentDisputedReasonAbstract"", ""DocumentEffectiveDate"", ""DocumentEntrySubmitter"", ""DocumentEUDataPrivacyIndicator"", ""DocumentExpirationDate"", ""DocumentFileControlID"", ""DocumentFiledDate"", ""DocumentFileExtensionText"", ""DocumentFileName"", ""DocumentFormatCategoryAbstract"", ""DocumentFormatAbstract"", ""DocumentGroupID"", ""DocumentIdentification"", ""DocumentInformationCutOffDate"", ""DocumentIntelligenceCategoryAbstract"", ""DocumentIssuanceLocation"", ""DocumentIssueDate"", ""DocumentKeywordAbstract"", ""DocumentLanguage"", ""DocumentLastModifiedDate"", ""DocumentLocation"", ""DocumentLocationURI"", ""DocumentManagementCyclePeriodText"", ""DocumentOtherRecipient"", ""DocumentPermanentRecordIndicator"", ""DocumentPhysicalMediumCategoryAbstract"", ""DocumentPhysicalMediumText"", ""DocumentPostDate"", ""DocumentPrivacyActIndicator"", ""DocumentPublicationDate"", ""DocumentReceivedDate"", ""DocumentRecipient"", ""DocumentRelatedResourceText"", ""DocumentRightsText"", ""DocumentSensitivityAbstract"", ""DocumentSequenceID"", ""DocumentSoftware"", ""DocumentSource"", ""DocumentSourceText"", ""DocumentStatus"", ""DocumentStatusCategoryAbstract"", ""DocumentSubjectAbstract"", ""DocumentSubmissionAmount"", ""DocumentSubmitter"", ""DocumentSummaryText"", ""DocumentSupplementalMarkingText"", ""DocumentTitleAlternativeText"", ""DocumentTitleText"", ""DocumentVitalIndicator"", ""DocumentAugmentationPoint""]",A data type for a paper or electronic document.,complexContent-extension
DoubleListType,nc:DoubleListSimpleType,DoubleListSimpleType,0,[],A data type for a white space-delimited list of double.,simpleContent-wrapper
DoubleRangeType,structures:ObjectType,ObjectType,3,"[""RangeMaximumDoubleValue"", ""RangeMinimumDoubleValue"", ""DoubleRangeAugmentationPoint""]",A data type for a range of double values.,complexContent-extension
DrugType,nc:SubstanceType,SubstanceType,5,"[""DrugDaysSupplyQuantity"", ""DrugStrengthText"", ""DrugClassScheduleAbstract"", ""DrugCoverageExceptionReasonText"", ""DrugAugmentationPoint""]",A data type for a legal or illegal substance that can be used as a medicine or a narcotic.,complexContent-extension
EducationLevelType,structures:ObjectType,ObjectType,2,"[""EducationLevelRepresentation"", ""EducationLevelAugmentationPoint""]",A data type for a level of education reached by a person.,complexContent-extension
EducationQualificationType,structures:ObjectType,ObjectType,7,"[""EducationQualificationRepresentation"", ""EducationQualificationIssuedDate"", ""EducationQualificationExpirationDate"", ""EducationQualificationInstitution"", ""EducationQualificationDescriptionText"", ""EducationQualificationLevel"", ""EducationQualificationAugmentationPoint""]","A data type for a degree, certificate, credit, or other educational qualification obtained by a person.",complexContent-extension
EducationType,structures:ObjectType,ObjectType,6,"[""EducationDescriptionText"", ""EducationInProgressIndicator"", ""EducationLevel"", ""EducationQualification"", ""EducationStatus"", ""EducationAugmentationPoint""]",A data type for a person's educational background.,complexContent-extension
ElectronicAddressType,structures:ObjectType,ObjectType,6,"[""ElectronicAddressDescriptionText"", ""MACAddressID"", ""IPv4AddressID"", ""IPv6AddressID"", ""URLID"", ""ElectronicAddressAugmentationPoint""]","A data type for an address, ID, or Uniform Resource Locator (URL) that uniquely identifies a specific site on the Internet or another network.",complexContent-extension
EmployerType,nc:EntityType,EntityType,1,"[""EmployerAugmentationPoint""]",A data type for an organization or person that employs a person.,complexContent-extension
EmploymentAssociationType,nc:AssociationType,AssociationType,26,"[""Employee"", ""Employer"", ""EmployeeAssignmentAssociation"", ""EmployeeContactInformation"", ""EmployeeFullTimeIndicator"", ""EmployeeHoursFixedIndicator"", ""EmployeeHoursDailyQuantity"", ""EmployeeHoursWeeklyQuantity"", ""EmployeeHoursMonthlyQuantity"", ""EmployeeIdentification"", ""EmploymentLengthAbstract"", ""EmploymentLocation"", ""EmployeeOccupationAbstract"", ""EmployeeOccupationCategoryAbstract"", ""EmployeePayAbstract"", ""EmployeePayHourlyIndicator"", ""EmployeePosition"", ""EmployeeRankAbstract"", ""EmployeeRegistrationAbstract"", ""EmployeeSchedule"", ""EmployeeScheduleFixedIndicator"", ""EmployeeShiftAbstract"", ""EmploymentStatus"", ""EmployeeSupervisor"", ""EmployeeSupervisorIndicator"", ""EmploymentAssociationAugmentationPoint""]",A data type for an association between an employee and an employer.,complexContent-extension
EmploymentPositionBasisCodeType,nc:EmploymentPositionBasisCodeSimpleType,EmploymentPositionBasisCodeSimpleType,0,[],A data type for a nature or duration of the employment position.,simpleContent-wrapper
EmploymentPositionOrganizationAssociationType,nc:AssociationType,AssociationType,4,"[""EmploymentPosition"", ""Organization"", ""Status"", ""EmploymentPositionOrganizationAssociationAugmentationPoint""]",A data type for an association between an employment position and an organization.,complexContent-extension
EmploymentPositionType,structures:ObjectType,ObjectType,16,"[""EmploymentPositionBargainingExclusionAbstract"", ""EmploymentPositionBargainingUnitAbstract"", ""EmploymentPositionBasisAbstract"", ""EmploymentPositionDepartmentName"", ""EmploymentPositionDutyText"", ""EmploymentPositionEssentialIndicator"", ""EmploymentPositionEssentialLanguage"", ""EmploymentPositionIdentification"", ""EmploymentPositionLocation"", ""EmploymentPositionAbstract"", ""EmploymentPositionRequiredEducationAbstract"", ""EmploymentPositionRequiredJobSkillAbstract"", ""EmploymentPositionSecurityClearanceLevelAbstract"", ""EmploymentPositionSupervisoryPosition"", ""EmploymentPositionTemporaryIndicator"", ""EmploymentPositionAugmentationPoint""]","A data type for a job, post, or group of duties and responsibilities to be performed by an employee.",complexContent-extension
EmptyReasonCodeType,nc:EmptyReasonCodeSimpleType,EmptyReasonCodeSimpleType,0,[],A data type for a reason why a data value was not provided.,simpleContent-wrapper
EncounterClassificationType,structures:ObjectType,ObjectType,2,"[""EncounterCategoryAbstract"", ""EncounterClassificationAugmentationPoint""]","A data type for a kind of encounter between a person or item of interest and a governmental element, such as an organization, official or surveillance system.",complexContent-extension
EntityType,structures:ObjectType,ObjectType,3,"[""EntityRepresentation"", ""EntityLegalIndicator"", ""EntityAugmentationPoint""]","A data type for a person, organization, or item.",complexContent-extension
EquipmentType,nc:ItemType,ItemType,3,"[""EquipmentIdentification"", ""EquipmentName"", ""EquipmentAugmentationPoint""]",A data type for a tangible property (other than land or buildings) of more or less durable nature which is useful in carrying on the operations of a business.,complexContent-extension
FacilityAssociationType,nc:AssociationType,AssociationType,2,"[""Facility"", ""FacilityAssociationAugmentationPoint""]",A data type for an association between facilities.,complexContent-extension
FacilityDocumentAssociationType,nc:AssociationType,AssociationType,3,"[""Facility"", ""Document"", ""FacilityDocumentAssociationAugmentationPoint""]",A data type for an association between a facility and a document.,complexContent-extension
FacilityFunctionType,structures:ObjectType,ObjectType,2,"[""FacilityFunctionAbstract"", ""FacilityFunctionAugmentationPoint""]",A data type for a purpose or use of a facility.,complexContent-extension
FacilityImageAssociationType,nc:AssociationType,AssociationType,3,"[""Facility"", ""Image"", ""FacilityImageAssociationAugmentationPoint""]",A data type for an association between a facility and an image.,complexContent-extension
FacilityPersonAssociationType,nc:AssociationType,AssociationType,3,"[""Facility"", ""Person"", ""FacilityPersonAssociationAugmentationPoint""]",A data type for an association between a facility and a person.,complexContent-extension
FacilitySiteAssociationType,nc:AssociationType,AssociationType,3,"[""Facility"", ""Site"", ""FacilitySiteAssociationAugmentationPoint""]",A data type for an association between a facility and a site.,complexContent-extension
FacilitySubFacilityAssociationType,nc:AssociationType,AssociationType,3,"[""ParentFacility"", ""SubFacility"", ""FacilitySubFacilityAssociationAugmentationPoint""]",A data type for an association between a facility and its sub-facility.,complexContent-extension
FacilityType,structures:ObjectType,ObjectType,19,"[""FacilityIdentification"", ""FacilityName"", ""FacilityCategory"", ""FacilityLocation"", ""FacilityContactInformation"", ""FacilityContainsItem"", ""FacilityCapacityDescriptionText"", ""FacilityCapacityQuantity"", ""FacilityDescriptionText"", ""FacilityMaxOccupancyQuantity"", ""FacilityMemberCategoryText"", ""FacilityOperatingSchedule"", ""FacilityOperationalStatus"", ""FacilitySecurityLevelAbstract"", ""FacilitySiteDiagram"", ""FacilitySystemIdentification"", ""FacilitySystemIPAddressID"", ""FacilityUsage"", ""FacilityAugmentationPoint""]","A data type for one or more buildings, places, or structures that together provide a particular service.",complexContent-extension
FinancialAccountHolderCodeType,nc:FinancialAccountHolderCodeSimpleType,FinancialAccountHolderCodeSimpleType,0,[],A data type for a kind of financial account holder.,simpleContent-wrapper
FinancialAccountHolderType,nc:EntityType,EntityType,2,"[""FinancialAccountHolderCode"", ""FinancialAccountHolderAugmentationPoint""]",A data type for an entity that holds a financial account.,complexContent-extension
FinancialAccountNumberCategoryCodeType,nc:FinancialAccountNumberCategoryCodeSimpleType,FinancialAccountNumberCategoryCodeSimpleType,0,[],A data type for a kind of financial account number.,simpleContent-wrapper
FinancialAccountType,structures:ObjectType,ObjectType,7,"[""FinancialAccountCategoryText"", ""FinancialAccountListedName"", ""FinancialAccountNumberID"", ""FinancialAccountPresentBalanceAmount"", ""FinancialAccountClosedIndicator"", ""FinancialAccountHolder"", ""FinancialAccountAugmentationPoint""]",A data type for a financial account maintained by a financial institution.,complexContent-extension
FiscalYearDateType,niem-xs:gYear,gYear,0,[],A data type for a year of a twelve month period that does not necessarily correspond to the calendar year.,simpleContent-wrapper
FullTelephoneNumberType,structures:ObjectType,ObjectType,3,"[""TelephoneNumberFullID"", ""TelephoneSuffixID"", ""FullTelephoneNumberAugmentationPoint""]",A data type for a full telephone number.,complexContent-extension
GenericEntityType,structures:ObjectType,ObjectType,4,"[""EntityName"", ""EntityContactInformation"", ""EntityDescriptionText"", ""GenericEntityAugmentationPoint""]",A data type for a basic set of information about a person or an organization.,complexContent-extension
HighwayType,structures:ObjectType,ObjectType,5,"[""HighwayFullText"", ""HighwayName"", ""HighwayID"", ""HighwayPositionText"", ""HighwayAugmentationPoint""]",A data type for a major public road.,complexContent-extension
IdentificationType,structures:ObjectType,ObjectType,29,"[""IdentificationID"", ""IdentificationPerson"", ""IdentificationJurisdiction"", ""IdentificationCardDesignRevisionDate"", ""IdentificationCategoryAbstract"", ""IdentificationCategoryDescriptionText"", ""IdentificationElectronicIndicator"", ""IdentificationEffectiveDate"", ""IdentificationExpirationDate"", ""IdentificationIssueDate"", ""IdentificationIssuerAdministrativeID"", ""IdentificationIssuerComment"", ""IdentificationIssuerCountry"", ""IdentificationIssuerLocalityText"", ""IdentificationIssuerLocation"", ""IdentificationIssuerOrganization"", ""IdentificationIssuerState"", ""IdentificationIssuerSymbolImage"", ""IdentificationIssuerText"", ""IdentificationLimitedTermIndicator"", ""IdentificationREALIDComplianceAbstract"", ""IdentificationSealImage"", ""IdentificationSignatureAuthorityName"", ""IdentificationStatus"", ""IdentificationStatusAdvisoryText"", ""IdentificationStolenLostIndicator"", ""IdentificationTitleText"", ""IdentificationUNDistinguishingSignID"", ""IdentificationAugmentationPoint""]",A data type for a representation of an identity.,complexContent-extension
IdentityType,structures:ObjectType,ObjectType,6,"[""IdentityCharacteristics"", ""IdentityCreationDate"", ""IdentityCreationEventText"", ""IdentityTerminationDate"", ""IdentityTerminationEventText"", ""IdentityAugmentationPoint""]",A data type for a set of known aspects or characteristics by which a person is defined or recognized.,complexContent-extension
ImagePoseCodeType,nc:ImagePoseCodeSimpleType,ImagePoseCodeSimpleType,0,[],A data type for angles of an entity's pose in a photograph.,simpleContent-wrapper
ImageType,nc:BinaryType,BinaryType,4,"[""ImageHeightValue"", ""ImageLocation"", ""ImageWidthValue"", ""ImageAugmentationPoint""]",A data type for a picture or visual representation of something.,complexContent-extension
IncidentType,nc:ActivityType,ActivityType,6,"[""IncidentEvent"", ""IncidentJurisdictionalOrganization"", ""IncidentObservationText"", ""IncidentReportedNarrative"", ""IncidentDayPeriodText"", ""IncidentAugmentationPoint""]",A data type for an occurrence or an event that may require a response.,complexContent-extension
InjuryType,structures:ObjectType,ObjectType,9,"[""InjuryCategoryAbstract"", ""InjuryLocationAbstract"", ""InjuryDate"", ""InjuryDescriptionText"", ""InjuryCauserAbstract"", ""InjurySustainer"", ""InjurySeverityAbstract"", ""InjuryTreatment"", ""InjuryAugmentationPoint""]",A data type for a form of harm or damage sustained by a person.,complexContent-extension
InstantMessengerType,structures:ObjectType,ObjectType,3,"[""InstantMessengerServiceName"", ""InstantMessengerScreenID"", ""InstantMessengerAugmentationPoint""]",A data type for a user account for an instant messaging program by which a person or organization may be contacted.,complexContent-extension
InsuranceType,structures:ObjectType,ObjectType,11,"[""InsurancePolicyIdentification"", ""InsuranceCarrierIdentification"", ""InsuranceCarrierName"", ""InsuranceActiveIndicator"", ""InsuranceCancellationDate"", ""InsuranceCertifiedDate"", ""InsuranceCoverageCategoryAbstract"", ""InsuranceCoveredItem"", ""InsuranceEffectiveDateRange"", ""InsurancePersonalIndicator"", ""InsuranceAugmentationPoint""]",A data type for coverage by a contract whereby one party agrees to indemnify or guarantee another against loss by a specified contingent event or peril.,complexContent-extension
IntangibleItemType,nc:ItemType,ItemType,3,"[""IntangibleItemCategoryAbstract"", ""IntellectualItemBusinessAreaText"", ""IntangibleItemAugmentationPoint""]",A data type for an intellectual property item.,complexContent-extension
IntegerListType,nc:IntegerListSimpleType,IntegerListSimpleType,0,[],A data type for a list of integers.,simpleContent-wrapper
IntegerRangeType,structures:ObjectType,ObjectType,3,"[""RangeMaximumIntegerValue"", ""RangeMinimumIntegerValue"", ""IntegerRangeAugmentationPoint""]",A data type for a range of integer values.,complexContent-extension
IntellectualPropertyType,nc:IntangibleItemType,IntangibleItemType,7,"[""IntellectualPropertyRegistrationIdentification"", ""IntellectualPropertyCreationDate"", ""IntellectualPropertyCreationEventText"", ""IntellectualPropertyRegistrationDate"", ""IntellectualPropertyTerminationDate"", ""IntellectualPropertyTerminationEventText"", ""IntellectualPropertyAugmentationPoint""]",A data type for property that results from original thought or creativity.,complexContent-extension
InternationalTelephoneNumberType,structures:ObjectType,ObjectType,4,"[""TelephoneCountryCodeID"", ""TelephoneNumberID"", ""TelephoneSuffixID"", ""InternationalTelephoneNumberAugmentationPoint""]",A data type for an international telephone number.,complexContent-extension
ItemContainerAssociationType,nc:AssociationType,AssociationType,3,"[""Item"", ""Container"", ""ItemContainerAssociationAugmentationPoint""]",A data type for an association between an item and something in which it is held.,complexContent-extension
ItemDispositionType,nc:DispositionType,DispositionType,6,"[""ItemDispositionAbstract"", ""ItemDispositionLocation"", ""Item"", ""ItemHoldingOrganization"", ""ItemMovingOrganization"", ""ItemDispositionAugmentationPoint""]",A data type for a result or outcome that happens to a property item after it has been handled or processed.,complexContent-extension
ItemEntityAssociationType,nc:AssociationType,AssociationType,3,"[""Entity"", ""Item"", ""ItemEntityAssociationAugmentationPoint""]",A data type for an association between an item and an entity.,complexContent-extension
ItemInsuranceAssociationType,nc:AssociationType,AssociationType,5,"[""Insurance"", ""Item"", ""InsurancePolicyHolder"", ""RelatedActivity"", ""ItemInsuranceAssociationAugmentationPoint""]",A data type for an association between an item and its insurance.,complexContent-extension
ItemLocationAssociationType,nc:AssociationType,AssociationType,3,"[""Location"", ""Item"", ""ItemLocationAssociationAugmentationPoint""]",A data type for an association between a property and a location.,complexContent-extension
ItemTransactionType,nc:ActivityType,ActivityType,5,"[""ItemSeller"", ""ItemPurchasePriceValue"", ""ItemBuyer"", ""Item"", ""ItemTransactionAugmentationPoint""]",A data type for a transfer of ownership of an item.,complexContent-extension
ItemType,structures:ObjectType,ObjectType,46,"[""ItemActionText"", ""ItemAgeMeasure"", ""ItemBarCodeIdentification"", ""ItemBinary"", ""ItemBrandName"", ""ItemCategoryAbstract"", ""ItemColorDescriptionText"", ""ItemColorPrimaryAbstract"", ""ItemColorSecondaryAbstract"", ""ItemConditionAbstract"", ""ItemCurrentResaleValue"", ""ItemDealerIdentification"", ""ItemDescriptionText"", ""ItemDisposition"", ""ItemFirstSoldYearDate"", ""ItemHeightMeasure"", ""ItemImage"", ""ItemLeaseIndicator"", ""ItemLengthMeasure"", ""ItemMakeAbstract"", ""ItemModelName"", ""ItemModelYearDate"", ""ItemName"", ""ItemOtherIdentification"", ""ItemOwner"", ""ItemOwnerAppliedID"", ""ItemOwnerPurchasedValue"", ""ItemOwnershipCategoryAbstract"", ""ItemPossessionDescriptionText"", ""ItemPossessor"", ""ItemQuantity"", ""ItemReceiptIdentification"", ""ItemRentalIndicator"", ""ItemRFIdentification"", ""ItemSalesTaxPercent"", ""ItemSerialIdentification"", ""ItemSizeDescriptionText"", ""ItemStateIdentification"", ""ItemStatus"", ""ItemStyleAbstract"", ""ItemUsageText"", ""ItemValue"", ""ItemVisibleID"", ""ItemWeightMeasure"", ""ItemWidthMeasure"", ""ItemAugmentationPoint""]",A data type for an article or thing.,complexContent-extension
ItemValueType,structures:ObjectType,ObjectType,7,"[""ItemValueAmount"", ""ItemValueAssigningMethodAbstract"", ""ItemValueDate"", ""ItemValueDescriptionText"", ""ItemValueTaxIncludedIndicator"", ""ItemValueAssigner"", ""ItemValueAugmentationPoint""]",A data type for an evaluation of the monetary worth of an item.,complexContent-extension
JurisdictionType,structures:ObjectType,ObjectType,6,"[""JurisdictionAbstract"", ""JurisdictionDescriptionText"", ""JurisdictionIdentification"", ""JurisdictionLocation"", ""JurisdictionRestrictionText"", ""JurisdictionAugmentationPoint""]","A data type for a geopolitical area in which an organization, person, or object has a specific range of authority.",complexContent-extension
LanguageType,structures:ObjectType,ObjectType,2,"[""LanguageRepresentation"", ""LanguageAugmentationPoint""]",A data type for a language.,complexContent-extension
LatitudeCoordinateType,structures:ObjectType,ObjectType,4,"[""LatitudeDegreeValue"", ""LatitudeMinuteValue"", ""LatitudeSecondValue"", ""LatitudeCoordinateAugmentationPoint""]",A data type for a measurement of the angular distance between a point on the Earth and the Equator.,complexContent-extension
LatitudeDegreeType,nc:LatitudeDegreeSimpleType,LatitudeDegreeSimpleType,0,[],A data type for a degree of latitude.,simpleContent-wrapper
LengthMeasureType,nc:MeasureType,MeasureType,2,"[""LengthUnitAbstract"", ""LengthMeasureAugmentationPoint""]",A data type for a measure of a distance or extent.,complexContent-extension
LicenseEndorsementType,structures:ObjectType,ObjectType,3,"[""LicenseEndorsementEndDate"", ""LicenseEndorsementAbstract"", ""LicenseEndorsementAugmentationPoint""]",A data type for an endorsement on a license or license permit which authorizes specific privileges.,complexContent-extension
LicenseMedicalCertificationType,structures:ObjectType,ObjectType,14,"[""LicenseMedicalAssessmentCategoryAbstract"", ""LicenseMedicalAssessmentDescriptionText"", ""LicenseMedicalCertificationExpirationDate"", ""LicenseMedicalCertificationIssueDate"", ""LicenseSkillsPerformanceEvaluationEffectiveDate"", ""LicenseSkillsPerformanceEvaluationExpirationDate"", ""LicenseWaiverExemptEffectiveDate"", ""LicenseWaiverExemptExpirationDate"", ""LicenseWaiverExemptExpirationIndefiniteIndicator"", ""LicenseMedicalCertificationRestrictionAbstract"", ""LicenseMedicalCertificationStatusAbstract"", ""LicenseMedicalSelfCertificationAbstract"", ""LicenseMedicalLimitationText"", ""LicenseMedicalCertificationAugmentationPoint""]",A data type for a medical certification associated with a license.,complexContent-extension
LicensePermitType,nc:LicenseType,LicenseType,5,"[""LicensePermitClassificationText"", ""LicensePermitStatusAbstract"", ""LicensePermitRestriction"", ""LicensePermitEndorsement"", ""LicensePermitAugmentationPoint""]",A data type for a license permit issued to a person granting conditional or limited privileges.,complexContent-extension
LicenseRestrictionType,structures:ObjectType,ObjectType,4,"[""LicenseRestrictionAbstract"", ""LicenseRestrictionDescriptionText"", ""LicenseRestrictionEndDate"", ""LicenseRestrictionAugmentationPoint""]",A data type for a restriction applicable to a permit or license.,complexContent-extension
LicenseType,nc:IdentificationType,IdentificationType,9,"[""LicenseMedicalCertification"", ""LicenseRatingAbstract"", ""LicenseRatingEffectiveDate"", ""LicenseRatingExpirationDate"", ""LicensePermit"", ""LicensePermitQuantity"", ""LicenseRestriction"", ""LicenseEndorsement"", ""LicenseAugmentationPoint""]",A data type for an authorization issued to a person granting certain privileges.,complexContent-extension
LocaleType,structures:ObjectType,ObjectType,18,"[""LocaleCensusBlockID"", ""LocaleCensusTractID"", ""LocaleCommunityAbstract"", ""LocaleDescriptionText"", ""LocaleDistrictIdentification"", ""LocaleDistrictName"", ""LocaleEmergencyServicesName"", ""LocaleFireJurisdictionID"", ""LocaleJudicialDistrictAbstract"", ""LocaleNeighborhoodName"", ""LocalePoliceBeatText"", ""LocalePoliceGridText"", ""LocalePoliceJurisdictionID"", ""LocaleRegionName"", ""LocaleSubdivisionName"", ""LocaleZoneName"", ""LocaleEmergencyServicesJurisdictionID"", ""LocaleAugmentationPoint""]",A data type for a geopolitical area.,complexContent-extension
Location2DGeospatialCoordinateType,structures:ObjectType,ObjectType,4,"[""GeographicDatumAbstract"", ""GeographicCoordinateLatitude"", ""GeographicCoordinateLongitude"", ""Location2DGeospatialCoordinateAugmentationPoint""]",A data type for a location identified by latitude and longitude.,complexContent-extension
Location3DGeospatialCoordinateType,nc:Location2DGeospatialCoordinateType,Location2DGeospatialCoordinateType,2,"[""LocationHeightAbstract"", ""Location3DGeospatialCoordinateAugmentationPoint""]","A data type for a location identified by latitude, longitude, and height.",complexContent-extension
LocationContactInformationAssociationType,nc:AssociationType,AssociationType,3,"[""Location"", ""ContactInformation"", ""LocationContactInformationAssociationAugmentationPoint""]",A data type for an association between a location and contact information.,complexContent-extension
LocationHeightMeasureType,nc:LengthMeasureType,LengthMeasureType,2,"[""LocationHeightVerticalDatumAbstract"", ""LocationHeightMeasureAugmentationPoint""]",A data type for a measurement of the height of a location relative to a reference point.,complexContent-extension
LocationPartType,structures:ObjectType,ObjectType,8,"[""LocationBedText"", ""LocationBuildingText"", ""LocationPartText"", ""LocationRoomText"", ""LocationSectionText"", ""LocationSuiteText"", ""LocationFloorText"", ""LocationPartAugmentationPoint""]","A data type for a unit within a facility, building, or structure at a location.",complexContent-extension
LocationType,structures:ObjectType,ObjectType,18,"[""LocationAddressAbstract"", ""LocationArea"", ""LocationCategoryAbstract"", ""LocationContactInformation"", ""LocationDescriptionText"", ""LocationDirectionsText"", ""LocationGeospatialCoordinateAbstract"", ""LocationHeightAbstract"", ""LocationIdentification"", ""LocationLandmarkAbstract"", ""LocationLocale"", ""LocationMapLocation"", ""LocationName"", ""LocationPart"", ""LocationRangeDescriptionText"", ""LocationRelativeLocation"", ""LocationSurroundingAreaDescriptionText"", ""LocationAugmentationPoint""]",A data type for geospatial location.,complexContent-extension
LongitudeCoordinateType,structures:ObjectType,ObjectType,4,"[""LongitudeDegreeValue"", ""LongitudeMinuteValue"", ""LongitudeSecondValue"", ""LongitudeCoordinateAugmentationPoint""]",A data type for a measurement of the angular distance between a point on the Earth and the Prime Meridian.,complexContent-extension
LongitudeDegreeType,nc:LongitudeDegreeSimpleType,LongitudeDegreeSimpleType,0,[],A data type for a degree of longitude.,simpleContent-wrapper
ManifestType,nc:DocumentType,DocumentType,3,"[""ManifestCategoryAbstract"", ""ManifestTransmittedDate"", ""ManifestAugmentationPoint""]",A data type for the information about the persons and/or cargo transported on a conveyance trip.,complexContent-extension
MapLocationType,structures:ObjectType,ObjectType,11,"[""MapCoordinateFullText"", ""MapDate"", ""MapElevationCoordinateText"", ""MapHorizontalCoordinateText"", ""MapLocationDescriptionText"", ""MapName"", ""MapPageID"", ""MapQuadrantText"", ""MapVersionID"", ""MapVerticalCoordinateText"", ""MapLocationAugmentationPoint""]",A data type for a location identified by map or grid coordinates.,complexContent-extension
MeasureType,structures:ObjectType,ObjectType,10,"[""MeasureValueAbstract"", ""MeasureCommentText"", ""MeasureDate"", ""MeasureDescriptionText"", ""MeasureErrorAbstract"", ""Measurer"", ""MeasureUnitAbstract"", ""MeasureMethodAbstract"", ""MeasureEstimatedIndicator"", ""MeasureAugmentationPoint""]",A data type for a measurement.,complexContent-extension
MedicalConditionType,structures:ObjectType,ObjectType,8,"[""MedicalConditionDoctor"", ""MedicalConditionText"", ""MedicalConditionCauseText"", ""MedicalConditionDescriptionText"", ""MedicalConditionPresentIndicator"", ""MedicalConditionSeverityAbstract"", ""MedicalConditionDateRange"", ""MedicalConditionAugmentationPoint""]","A data type for a state of health, on-going or present.",complexContent-extension
MessageCategoryFATCACodeType,nc:MessageCategoryFATCACodeSimpleType,MessageCategoryFATCACodeSimpleType,0,[],A data type for kind of Foreign Account Tax Compliance Act (FATCA) message.,simpleContent-wrapper
MessageType,structures:ObjectType,ObjectType,14,"[""MessageID"", ""MessageRecipientAbstract"", ""MessageRecipientAddressID"", ""MessageReceivedDate"", ""MessageSenderAbstract"", ""MessageSenderAddressID"", ""MessageSentDate"", ""MessageSubjectText"", ""MessageText"", ""MessageAttachmentAbstract"", ""MessageCategoryAbstract"", ""MessageReferenceID"", ""MessageFATCAUsageRestrictionAbstract"", ""MessageAugmentationPoint""]",A data type for an electronic form of communication that can be exchanged asynchronously.,complexContent-extension
MetadataType,structures:ObjectType,ObjectType,28,"[""AdministrativeID"", ""CaveatText"", ""Comment"", ""ConfidencePercent"", ""CreatorName"", ""DescriptionText"", ""DistributionText"", ""EffectiveDate"", ""EmptyReasonAbstract"", ""EmptyReasonDescriptionText"", ""ExpirationDate"", ""Language"", ""LastUpdatedDate"", ""LastVerifiedDate"", ""ProbabilityPercent"", ""PublisherName"", ""QualityComment"", ""ReleaseDate"", ""ReportedDate"", ""ReportingOrganizationAbstract"", ""ReportingPersonRoleAbstract"", ""ReportingPersonAbstract"", ""RepositoryID"", ""SensitivityAbstract"", ""SourceContactPersonAbstract"", ""SourceIDText"", ""SourceText"", ""MetadataAugmentationPoint""]",A data type for information that further qualifies primary data; data about data.,complexContent-extension
MilitaryDischargeCategoryCodeType,nc:MilitaryDischargeCategoryCodeSimpleType,MilitaryDischargeCategoryCodeSimpleType,0,[],A data type for kinds of discharges a person may receive from military service.,simpleContent-wrapper
MilitarySummaryType,structures:ObjectType,ObjectType,20,"[""MilitaryBranchName"", ""MilitaryCountry"", ""MilitaryDischargeCategoryAbstract"", ""MilitaryDischargeDate"", ""MilitaryDischargeRankText"", ""MilitaryDisciplinaryAction"", ""MilitaryDutiesText"", ""MilitaryEnlistmentDate"", ""MilitaryExemptionDescriptionText"", ""MilitaryExperienceIndicator"", ""MilitaryHighRankText"", ""MilitaryInductionDate"", ""MilitaryPersonIdentification"", ""MilitaryReleaseCategoryAbstract"", ""MilitaryReleaseDate"", ""MilitaryServiceActiveIndicator"", ""MilitaryServiceTimeMeasure"", ""MilitaryStatus"", ""MilitaryWorkSkillText"", ""MilitarySummaryAugmentationPoint""]",A data type for a service of a person in a military.,complexContent-extension
MissionType,structures:ObjectType,ObjectType,6,"[""MissionName"", ""MissionCommencementNoEarlierThanDate"", ""MissionCommencementNoLaterThanDate"", ""ContactInformation"", ""MissionID"", ""MissionAugmentationPoint""]","A data type for a task, together with the purpose, that clearly indicates the action to be taken and the reason therefore.",complexContent-extension
NANPTelephoneNumberType,structures:ObjectType,ObjectType,5,"[""TelephoneAreaCodeID"", ""TelephoneExchangeID"", ""TelephoneLineID"", ""TelephoneSuffixID"", ""NANPTelephoneNumberAugmentationPoint""]",A data type for a North American Numbering Plan telephone number.,complexContent-extension
NonNegativeDecimalType,nc:NonNegativeDecimalSimpleType,NonNegativeDecimalSimpleType,0,[],A data type for a decimal value with a minimum value of 0.,simpleContent-wrapper
NonNegativeIntegerListType,nc:NonNegativeIntegerListSimpleType,NonNegativeIntegerListSimpleType,0,[],A data type for a white space-delimited list of nonnegative integers.,simpleContent-wrapper
NumericType,niem-xs:decimal,decimal,0,[],A data type for a number value.,simpleContent-wrapper
ObligationExemptionType,structures:ObjectType,ObjectType,3,"[""FinancialObligationExemptionAmount"", ""ObligationExemptionDescriptionText"", ""ObligationExemptionAugmentationPoint""]",A data type for a waiving or a dismissal of an obligation.,complexContent-extension
ObligationRecurrenceType,structures:ObjectType,ObjectType,3,"[""ObligationPeriodAbstract"", ""ObligationDateRange"", ""ObligationRecurrenceAugmentationPoint""]",A data type for a periodic basis on which an obligation must be met.,complexContent-extension
ObligationType,structures:ObjectType,ObjectType,17,"[""ObligationTotalAbstract"", ""ObligationDueAbstract"", ""ObligationPaidAbstract"", ""ObligationCompleteIndicator"", ""ObligationComplianceIndicator"", ""ObligationDueDate"", ""ObligationExemption"", ""ObligationExemptionIndicator"", ""ObligationPaidDate"", ""ObligationProgressDescriptionText"", ""ObligationRequirementDescriptionText"", ""ObligationCategoryAbstract"", ""ObligationEntity"", ""ObligationEntityCategoryAbstract"", ""ObligationRecipient"", ""ObligationRecurrence"", ""ObligationAugmentationPoint""]",A data type for something that is owed to an entity.,complexContent-extension
OrganizationAssociationType,nc:AssociationType,AssociationType,2,"[""Organization"", ""OrganizationAssociationAugmentationPoint""]",A data type for an association between organizations.,complexContent-extension
OrganizationFacilityAssociationType,nc:AssociationType,AssociationType,3,"[""Facility"", ""Organization"", ""OrganizationFacilityAssociationAugmentationPoint""]",A data type for an association between an organization and a facility.,complexContent-extension
OrganizationLocationAssociationType,nc:AssociationType,AssociationType,3,"[""Location"", ""Organization"", ""OrganizationLocationAssociationAugmentationPoint""]",A data type for an association between an organization and a location.,complexContent-extension
OrganizationType,structures:ObjectType,ObjectType,39,"[""OrganizationAbbreviationText"", ""OrganizationActiveIndicator"", ""OrganizationActivityAbstract"", ""OrganizationBranchName"", ""OrganizationCategoryAbstract"", ""OrganizationDayContactInformation"", ""OrganizationDescriptionText"", ""OrganizationDoingBusinessAsName"", ""OrganizationEmergencyContactInformation"", ""OrganizationEstablishedDate"", ""OrganizationEveningContactInformation"", ""OrganizationForeignAffiliate"", ""OrganizationIdentification"", ""OrganizationIncorporatedIndicator"", ""OrganizationIncorporationDate"", ""OrganizationIncorporationLocation"", ""OrganizationJurisdiction"", ""OrganizationLEIIdentification"", ""OrganizationLicenseIdentification"", ""OrganizationLocalIdentification"", ""OrganizationLocation"", ""OrganizationName"", ""OrganizationNameEffectiveDate"", ""OrganizationNameTerminationDate"", ""OrganizationNightContactInformation"", ""OrganizationOtherIdentification"", ""OrganizationParentAbstract"", ""OrganizationPrimaryContactInformation"", ""OrganizationPrincipalOfficial"", ""OrganizationServiceHoursAbstract"", ""OrganizationSizeAbstract"", ""OrganizationStatus"", ""OrganizationSubUnit"", ""OrganizationSubUnitName"", ""OrganizationTaxIdentification"", ""OrganizationTerminationDate"", ""OrganizationUnitName"", ""OrganizationValidDate"", ""OrganizationAugmentationPoint""]",A data type for a body of people organized for a particular purpose.,complexContent-extension
OrganizationUnitAssociationType,nc:AssociationType,AssociationType,3,"[""Organization"", ""OrganizationUnit"", ""OrganizationUnitAssociationAugmentationPoint""]",A data type for an association between an organization and another organization or unit.,complexContent-extension
OrientationType,structures:ObjectType,ObjectType,4,"[""AzimuthAbstract"", ""InclinationAbstract"", ""RollValue"", ""OrientationAugmentationPoint""]","A data type for the angles of rotation about the principle axes (normal, lateral, longitudinal) of a thing, relative to true north and the horizontal plane, measured in degrees.",complexContent-extension
PassportCategoryCodeType,nc:PassportCategoryCodeSimpleType,PassportCategoryCodeSimpleType,0,[],A data type for a kind of passport.,simpleContent-wrapper
PassportType,nc:IdentificationType,IdentificationType,5,"[""PassportNumberIdentification"", ""PassportBookIdentification"", ""PassportCategoryAbstract"", ""PassportTransmissionTrackingID"", ""PassportAugmentationPoint""]",A data type for a government-issued document that authenticates the identity and citizenship of a person.,complexContent-extension
PaymentMethodCodeType,nc:PaymentMethodCodeSimpleType,PaymentMethodCodeSimpleType,0,[],A data type for a specific method of payment.,simpleContent-wrapper
PaymentType,structures:ObjectType,ObjectType,3,"[""PaymentAmount"", ""PaymentMethodAbstract"", ""PaymentAugmentationPoint""]",A data type for a monetary payment.,complexContent-extension
PercentType,niem-xs:decimal,decimal,0,[],"A data type for a ratio, proper fraction, or percentage, with 100% represented as the value 100.",simpleContent-wrapper
PermitType,structures:ObjectType,ObjectType,6,"[""PermitIdentification"", ""PermitCategoryAbstract"", ""PermitRenewalDate"", ""PermitStartDate"", ""PermitUsageAbstract"", ""PermitAugmentationPoint""]",A data type for a permit or official document giving a person or entity authorization to do something.,complexContent-extension
PersonAssociationType,nc:AssociationType,AssociationType,2,"[""Person"", ""PersonAssociationAugmentationPoint""]",A data type for an association between people.,complexContent-extension
PersonCitizenshipType,structures:ObjectType,ObjectType,4,"[""PersonCitizenshipCountry"", ""PersonCitizenshipCategoryAbstract"", ""PersonCitizenshipStatus"", ""PersonCitizenshipAugmentationPoint""]","A data type for a person's position or status with a country that assigns rights, duties, and privileges because of the birth or naturalization of the person in that country.",complexContent-extension
PersonConveyanceAssociationType,nc:AssociationType,AssociationType,3,"[""Person"", ""Conveyance"", ""PersonConveyanceAssociationAugmentationPoint""]",A data type for an association between a person and a conveyance.,complexContent-extension
PersonDisunionType,nc:ActivityType,ActivityType,4,"[""PersonDisunionDecreeIndicator"", ""PersonDisunionPendingIndicator"", ""PersonDisunionReasonText"", ""PersonDisunionAugmentationPoint""]",A data type for a legal termination of a Person Union.,complexContent-extension
PersonDocumentAssociationType,nc:AssociationType,AssociationType,3,"[""Person"", ""Document"", ""PersonDocumentAssociationAugmentationPoint""]",A data type for an association between a person and a document.,complexContent-extension
PersonEncounterType,nc:ActivityType,ActivityType,10,"[""PersonArmedIndicator"", ""PersonAssaultedOfficerIndicator"", ""PersonPossessCreditCardIndicator"", ""PersonFraudulentIdentificationIndicator"", ""PersonJuvenileClaimedIndicator"", ""PersonJuvenileVerifiedIndicator"", ""EncounterClassification"", ""EncounterCommentText"", ""FingerprintTakenIndicator"", ""PersonEncounterAugmentationPoint""]","A data type for an encounter between a person of interest and a governmental element, such as an organization, official or surveillance system.",complexContent-extension
PersonIdentityAssociationType,nc:AssociationType,AssociationType,4,"[""Person"", ""Identity"", ""IdentityStolenIndicator"", ""PersonIdentityAssociationAugmentationPoint""]",A data type for an association between a person and an identity.,complexContent-extension
PersonLanguageType,structures:ObjectType,ObjectType,6,"[""Language"", ""PersonComprehendsSpokenLanguageIndicator"", ""PersonReadsLanguageIndicator"", ""PersonSpeaksLanguageIndicator"", ""PersonWritesLanguageIndicator"", ""PersonLanguageAugmentationPoint""]",A data type for a language capability of a person.,complexContent-extension
PersonLocationAssociationType,nc:AssociationType,AssociationType,3,"[""Person"", ""Location"", ""PersonLocationAssociationAugmentationPoint""]",A data type for an association between a person and a location.,complexContent-extension
PersonNameCategoryCodeType,nc:PersonNameCategoryCodeSimpleType,PersonNameCategoryCodeSimpleType,0,[],A data type for a kind of person name.,simpleContent-wrapper
PersonNameTextType,nc:ProperNameTextType,ProperNameTextType,0,[],"A data type for a name by which a person is known, referred, or addressed.",simpleContent-wrapper
PersonNameType,structures:ObjectType,ObjectType,14,"[""PersonNamePrefixAbstract"", ""PersonGivenName"", ""PersonMiddleName"", ""PersonSurName"", ""PersonNameSuffixText"", ""PersonMaidenName"", ""PersonFullName"", ""PersonNameCategoryAbstract"", ""PersonNameSalutationText"", ""PersonOfficialGivenName"", ""PersonPreferredName"", ""PersonSurNamePrefixText"", ""EffectiveDate"", ""PersonNameAugmentationPoint""]",A data type for a combination of names and/or titles by which a person is known.,complexContent-extension
PersonNationalityType,structures:ObjectType,ObjectType,4,"[""PersonNationalityCountry"", ""PersonNationalityCategoryAbstract"", ""PersonNationalityStatus"", ""PersonNationalityAugmentationPoint""]",A data type for a person's position or status with a country that grants a person citizenship or a country in which a person is deemed a national.,complexContent-extension
PersonOrganizationAssociationType,nc:AssociationType,AssociationType,3,"[""Person"", ""Organization"", ""PersonOrganizationAssociationAugmentationPoint""]",A data type for an association between a person and an organization.,complexContent-extension
PersonPronounsCodeType,nc:PersonPronounsCodeSimpleType,PersonPronounsCodeSimpleType,0,[],A data type for a set of third-person pronouns that can be used in place of a person's name.,simpleContent-wrapper
PersonResidenceAssociationType,nc:PersonLocationAssociationType,PersonLocationAssociationType,5,"[""ResidenceDescriptionText"", ""ResidenceOccupancyCategoryAbstract"", ""ResidencePaymentAmount"", ""ResidencePaymentPeriodAbstract"", ""PersonResidenceAssociationAugmentationPoint""]",A data type for an association between a person and a location where that person lives.,complexContent-extension
PersonType,structures:ObjectType,ObjectType,84,"[""PersonAccentText"", ""PersonAgeDescriptionText"", ""PersonAgeMeasure"", ""PersonBirthDate"", ""PersonBirthLocation"", ""PersonBloodTypeAbstract"", ""PersonBodyXRaysAvailableAbstract"", ""PersonBuildAbstract"", ""PersonCapability"", ""PersonCircumcisionIndicator"", ""PersonCitizenship"", ""PersonComplexionAbstract"", ""PersonDeathDate"", ""PersonDependentQuantity"", ""PersonDescriptionText"", ""PersonDigitalImage"", ""PersonDigitizedSignatureImage"", ""PersonDisguiseDescriptionText"", ""PersonOrganDonorAbstract"", ""PersonEducation"", ""PersonEmployedIndicator"", ""PersonEthnicityAbstract"", ""PersonEyeColorAbstract"", ""PersonEyewearAbstract"", ""PersonFacialHairAbstract"", ""PersonGeneralAppearanceDescriptionText"", ""PersonHairAppearanceText"", ""PersonHairCategoryAbstract"", ""PersonHairColorAbstract"", ""PersonHairLengthAbstract"", ""PersonHairStyleAbstract"", ""PersonHandednessAbstract"", ""PersonHeightDescriptionText"", ""PersonHeightMeasure"", ""PersonHumanResourceIdentification"", ""PersonInjury"", ""PersonJewelryDescriptionText"", ""PersonJobTitleText"", ""PersonLanguageEnglishIndicator"", ""PersonLearningDisabilityAbstract"", ""PersonLicenseIdentification"", ""PersonLivingIndicator"", ""PersonMedicalCondition"", ""PersonMedicalDescriptionText"", ""PersonMedicalFileIndicator"", ""PersonMedicationRequiredText"", ""PersonMentalStateAbstract"", ""PersonMilitarySummary"", ""PersonMoodDescriptionText"", ""PersonName"", ""PersonNationalIdentification"", ""PersonOrganDonorIndicator"", ""PersonOtherIdentification"", ""PersonPassportIdentification"", ""PersonPhysicalDisabilityText"", ""PersonPhysicalFeature"", ""PersonPrimaryLanguage"", ""PersonPronounsAbstract"", ""PersonRaceAbstract"", ""PersonReligionAbstract"", ""PersonResidenceAddress"", ""PersonResidentAbstract"", ""PersonSecondaryLanguage"", ""PersonSecurityClearanceAbstract"", ""PersonSexAbstract"", ""PersonSexualOrientationAbstract"", ""PersonSkinToneAbstract"", ""PersonSpeechDescriptionText"", ""PersonSSNIdentification"", ""PersonStateIdentification"", ""PersonTaxIdentification"", ""PersonUnemploymentStatus"", ""PersonUnionStatusAbstract"", ""PersonUSCitizenIndicator"", ""PersonVisionPrescriptionText"", ""PersonWeightDescriptionText"", ""PersonWeightMeasure"", ""PersonXRayImage"", ""PersonNationality"", ""PersonContactInformation"", ""EmployeeContactInformation"", ""PersonEmergencyContactInformation"", ""PersonHomeContactInformation"", ""PersonAugmentationPoint""]",A data type for a human being.,complexContent-extension
PersonUnionAssociationType,nc:PersonAssociationType,PersonAssociationType,7,"[""PersonDisunion"", ""PersonUnionCertificateIndicator"", ""PersonUnionLocation"", ""PersonUnionSeparation"", ""PersonUnionCategoryAbstract"", ""PersonUnionStatusAbstract"", ""PersonUnionAssociationAugmentationPoint""]",A data type for an association between two persons who are in a state of union with each other.,complexContent-extension
PersonUnionCategoryCodeType,nc:PersonUnionCategoryCodeSimpleType,PersonUnionCategoryCodeSimpleType,0,[],A data type describing the legally recognized union between two persons.,simpleContent-wrapper
PersonUnionSeparationType,nc:ActivityType,ActivityType,3,"[""SeparationCategoryAbstract"", ""SeparationDateRange"", ""PersonUnionSeparationAugmentationPoint""]",A data type for a separation of the parties in a Person Union.,complexContent-extension
PersonUnionStatusCodeType,nc:PersonUnionStatusCodeSimpleType,PersonUnionStatusCodeSimpleType,0,[],A data type describing the legal status of a person's union with another person.,simpleContent-wrapper
PersonWorkerAssociationType,nc:AssociationType,AssociationType,4,"[""Person"", ""PersonWorker"", ""Activity"", ""PersonWorkerAssociationAugmentationPoint""]",A data type for an association between a person and a person assigned to do work for or on behalf of that person.,complexContent-extension
PhysicalFeatureType,structures:ObjectType,ObjectType,6,"[""PhysicalFeatureGeneralCategoryAbstract"", ""PhysicalFeatureCategoryAbstract"", ""PhysicalFeatureDescriptionText"", ""PhysicalFeatureImage"", ""PhysicalFeatureLocationText"", ""PhysicalFeatureAugmentationPoint""]",A data type for a prominent or easily identifiable aspect of something or someone.,complexContent-extension
PlanType,structures:ObjectType,ObjectType,19,"[""PlanActivationDecisionText"", ""PlanApprovalDate"", ""PlanApprovalEntity"", ""PlanAssignedPerson"", ""PlanComment"", ""PlanCreatedDate"", ""PlanDateRange"", ""PlanEstimatedFulfillmentDate"", ""PlanIdentification"", ""PlanName"", ""PlanOperationalObjectiveText"", ""PlanPurposeText"", ""PlanReleaseDate"", ""PlanReport"", ""PlanRevisionReleaseDate"", ""PlanTargetOutcomeText"", ""PlanTask"", ""PlanUpdatedDate"", ""PlanAugmentationPoint""]",A data type for a detailed proposal for doing or achieving something.,complexContent-extension
PolygonRegionType,structures:ObjectType,ObjectType,2,"[""PolygonNodeLocation"", ""PolygonRegionAugmentationPoint""]",A data type for a polygon area identified by a set of coordinates.,complexContent-extension
PositiveIntegerListType,nc:PositiveIntegerListSimpleType,PositiveIntegerListSimpleType,0,[],A data type for a white space-delimited list of positive integers.,simpleContent-wrapper
PreviousActivityAssociationType,nc:RelatedActivityAssociationType,RelatedActivityAssociationType,2,"[""PreviousActivity"", ""PreviousActivityAssociationAugmentationPoint""]",A data type for an association between an activity and a previous activity.,complexContent-extension
ProgramType,nc:ActivityType,ActivityType,14,"[""ProgramPerson"", ""ProgramAction"", ""ProgramCapacityQuantity"", ""ProgramCondition"", ""ProgramFacility"", ""ProgramPubliclyRunIndicator"", ""ProgramPurposeText"", ""ProgramReferral"", ""ProgramAdministrator"", ""ProgramRelease"", ""ProgramSupervisor"", ""ProgramResidentialIndicator"", ""ProgramSupervisedIndicator"", ""ProgramAugmentationPoint""]","A data type for a set of projects, activities, or services intended to meet a need.",complexContent-extension
ProgressType,nc:ActivityType,ActivityType,5,"[""ProgressComplianceIndicator"", ""ProgressComplianceAbstract"", ""ProgressPaymentAmount"", ""ProgressTimeQuantityText"", ""ProgressAugmentationPoint""]",A data type for a set of changes or advancements which bring someone closer to completing something.,complexContent-extension
ProperNameTextType,nc:TextType,TextType,0,[],"A data type for a word or phrase by which a person or thing is known, referred, or addressed.",simpleContent-wrapper
PublicationType,nc:DocumentType,DocumentType,10,"[""PublicationAuthorText"", ""PublicationDate"", ""PublicationISBNID"", ""PublicationISSNID"", ""PublicationLibraryClassificationIdentification"", ""PublicationPageText"", ""PublicationPublisherText"", ""PublicationSubjectText"", ""PublicationTitleText"", ""PublicationAugmentationPoint""]","A data type for a collection of written, printed, illustrated, or blank sheets, made of paper, parchment, or other material, usually fastened together to hinge at one side.",complexContent-extension
PublicServiceType,structures:ObjectType,ObjectType,14,"[""PublicServiceName"", ""PublicServiceDescriptionText"", ""PublicServiceCategoryAbstract"", ""PublicServiceLanguage"", ""PublicServiceWebsiteURI"", ""PublicServiceChannelAbstract"", ""PublicServiceLocation"", ""PublicServiceRequiredService"", ""PublicServiceRelatedService"", ""PublicServiceInputResourceDocument"", ""PublicServiceOutputResourceDocument"", ""PublicServiceRelatedLocation"", ""PublicServiceAvailabilitySchedule"", ""PublicServiceAugmentationPoint""]","A data type for a set of deeds and acts performed by or on behalf of a public agency for the benefit of a citizen, a business or another public agency.",complexContent-extension
QuantityType,nc:NumericType,NumericType,0,[],A data type for a count or tally.,simpleContent-wrapper
QuarterIDType,nc:QuarterIDSimpleType,QuarterIDSimpleType,0,[],A data type for an identifier of a three-month period in a calendar or fiscal year.,simpleContent-wrapper
RealEstateType,nc:ItemType,ItemType,4,"[""RealEstateAcreageText"", ""RealEstateBoundaryDescriptionText"", ""RealEstateAttachedFacility"", ""RealEstateAugmentationPoint""]",A data type for a piece of land and any permanent structures and natural resources on it.,complexContent-extension
RecommendationType,structures:ObjectType,ObjectType,8,"[""RecommendationDescriptionText"", ""RecommendationEntity"", ""RecommendationSubjectText"", ""RecommendationDate"", ""RecommendationCategoryAbstract"", ""RecommendationComment"", ""RecommendationText"", ""RecommendationAugmentationPoint""]",A data type for a suggestion or proposal as to the best course of action.,complexContent-extension
ReferralType,nc:ActivityType,ActivityType,8,"[""ReferralActivity"", ""ReferralIssuer"", ""ReferralMandatoryIndicator"", ""ReferralSupervisor"", ""ReferralItem"", ""ReferralEntity"", ""ReferralPerson"", ""ReferralAugmentationPoint""]","A data type for a recommendation of a person to an activity, program, or product.",complexContent-extension
RelatedActivityAssociationType,nc:AssociationType,AssociationType,3,"[""Activity"", ""ActivityRelationAbstract"", ""RelatedActivityAssociationAugmentationPoint""]",A data type for an association between related activities.,complexContent-extension
RelativeLocationHeadingType,nc:RelativeLocationHeadingSimpleType,RelativeLocationHeadingSimpleType,0,[],A data type for a compass heading of a direction from a reference location.,simpleContent-wrapper
RelativeLocationType,structures:ObjectType,ObjectType,6,"[""RelativeLocationDescriptionText"", ""RelativeLocationDirectionAbstract"", ""RelativeLocationDistanceMeasure"", ""RelativeLocationHeadingValue"", ""RelativeLocationReferencePoint"", ""RelativeLocationAugmentationPoint""]",A data type for a location identified by its proximity to another location.,complexContent-extension
ReleaseType,nc:ActivityType,ActivityType,8,"[""ReleasePerson"", ""ReleaseFromLocation"", ""ReleaseIssuer"", ""ReleaseItem"", ""ReleaseRecipient"", ""ReleaseToLocation"", ""ReleaseSupervisor"", ""ReleaseAugmentationPoint""]","A data type for a freeing or discharging of someone or something from an activity, supervision, or obligation.",complexContent-extension
ReportType,nc:DocumentType,DocumentType,7,"[""ReportAssignee"", ""ReportCoverageDateRange"", ""ReportDueDate"", ""ReportFrequencyAbstract"", ""ReportID"", ""ReportTemplateCategoryAbstract"", ""ReportAugmentationPoint""]","A data type for an account given of a particular matter, especially in the form of an official document, after thorough investigation or consideration by an appointed person or body.",complexContent-extension
RequestType,structures:ObjectType,ObjectType,10,"[""RequestContactInformation"", ""RequestDate"", ""RequestDecisionText"", ""RequestDescriptionText"", ""RequestIdentification"", ""RequestText"", ""RequestDecisionDate"", ""RequestCategoryAbstract"", ""RequestStatus"", ""RequestAugmentationPoint""]",A data type for a formal message requesting something that is submitted to an authority.,complexContent-extension
ScheduleDayType,structures:ObjectType,ObjectType,8,"[""ScheduleActivityText"", ""ScheduleDayAbstract"", ""ScheduleDayStatus"", ""ScheduleTimeRange"", ""SchedulePerson"", ""ScheduleDayStartTime"", ""ScheduleDayEndTime"", ""ScheduleDayAugmentationPoint""]",A data type for a plan or agenda for the activities of a day.,complexContent-extension
ScheduleType,structures:ObjectType,ObjectType,8,"[""ScheduleDay"", ""ScheduleDescriptionText"", ""ScheduleEffectiveDateRange"", ""ScheduleExceptionsDescriptionText"", ""ScheduleNonStopIndicator"", ""ScheduleStatus"", ""ScheduleWeekAbstract"", ""ScheduleAugmentationPoint""]","A data type for a schedule providing the beginning and ending hours of operation by weekday, for a designated time period.",complexContent-extension
SecuritiesType,nc:ItemType,ItemType,6,"[""SecuritiesCollectionDateRange"", ""SecuritiesDateSeriesAbstract"", ""SecuritiesDenominationAbstract"", ""SecuritiesCategoryAbstract"", ""SecuritiesIssuer"", ""SecuritiesAugmentationPoint""]",A data type for a financial instrument showing ownership or credit.,complexContent-extension
SeparationCategoryCodeType,nc:SeparationCategoryCodeSimpleType,SeparationCategoryCodeSimpleType,0,[],A data type for a code that identifies the type of separation between the parties in a Person Union.,simpleContent-wrapper
SiteType,structures:ObjectType,ObjectType,6,"[""SiteLocation"", ""SiteMobileDescriptionText"", ""SiteMobileIndicator"", ""SiteOwnerEntity"", ""SiteSpecialInformationText"", ""SiteAugmentationPoint""]",A data type for a specific place or position.,complexContent-extension
SoftwareComponentType,nc:ItemType,ItemType,2,"[""SoftwareComponentVersionID"", ""SoftwareComponentAugmentationPoint""]",A data type for a component of software.,complexContent-extension
SoftwareType,nc:ItemType,ItemType,6,"[""SoftwareName"", ""SoftwareComponent"", ""SoftwareDescriptionText"", ""SoftwareVendorName"", ""SoftwareVersionText"", ""SoftwareAugmentationPoint""]",A data type for a computer application used to process data.,complexContent-extension
SpeedMeasureType,nc:MeasureType,MeasureType,2,"[""SpeedUnitAbstract"", ""SpeedMeasureAugmentationPoint""]",A data type for a measure of a speed or rate of motion.,complexContent-extension
StateType,structures:ObjectType,ObjectType,2,"[""StateRepresentation"", ""StateAugmentationPoint""]","A data type for a state, commonwealth, province, or other such geopolitical subdivision of a country.",complexContent-extension
StatusType,structures:ObjectType,ObjectType,7,"[""StatusAbstract"", ""StatusCommentText"", ""StatusDescriptionText"", ""StatusIssuerIdentification"", ""StatusIssuerText"", ""StatusDate"", ""StatusAugmentationPoint""]",A data type for a state of something or someone.,complexContent-extension
StreetDirectionalType,structures:ObjectType,ObjectType,2,"[""StreetDirectionalRepresentation"", ""StreetDirectionalAugmentationPoint""]",A data type for a direction that appears in a street name.,complexContent-extension
StreetType,structures:ObjectType,ObjectType,8,"[""StreetFullText"", ""StreetNumberText"", ""StreetPredirectional"", ""StreetName"", ""StreetCategoryAbstract"", ""StreetPostdirectional"", ""StreetExtensionText"", ""StreetAugmentationPoint""]","A data type for a road, thoroughfare, or highway.",complexContent-extension
StringListType,nc:StringListSimpleType,StringListSimpleType,0,[],A data type for a white space-delimited list of string.,simpleContent-wrapper
StudentType,nc:PersonType,PersonType,2,"[""StudentIdentification"", ""StudentAugmentationPoint""]","A data type for a person formally engaged in learning, especially one enrolled in a school or college.",complexContent-extension
SubstanceMeasureType,nc:MeasureType,MeasureType,2,"[""SubstanceUnitAbstract"", ""SubstanceMeasureAugmentationPoint""]",A data type for a measure of the amount of something.,complexContent-extension
SubstanceType,nc:ItemType,ItemType,8,"[""SubstanceCategoryAbstract"", ""SubstanceAbstract"", ""SubstanceContainerDescriptionText"", ""SubstanceQuantityMeasure"", ""SubstanceCompositionDescriptionText"", ""SubstanceFormAbstract"", ""SubstanceFoundDescriptionText"", ""SubstanceAugmentationPoint""]",A data type for the matter or substance of which something consists.,complexContent-extension
SupervisionType,nc:ActivityType,ActivityType,9,"[""SupervisionCurrentIndicator"", ""SupervisionCustodyStatus"", ""SupervisionFacility"", ""SupervisionMandatoryIndicator"", ""SupervisionRelease"", ""SupervisionPerson"", ""SupervisionPersonStatus"", ""SupervisionSupervisor"", ""SupervisionAugmentationPoint""]","A data type for an act of officially overseeing, supervising, or keeping track in some capacity of a person.",complexContent-extension
SystemAuditEventType,nc:ActivityType,ActivityType,3,"[""SystemOperatingModeAbstract"", ""SystemUserNameAbstract"", ""SystemAuditEventAugmentationPoint""]",A data type for a system event for audit reporting purposes.,complexContent-extension
SystemIdentificationType,nc:IdentificationType,IdentificationType,2,"[""SystemName"", ""SystemIdentificationAugmentationPoint""]",A data type for a number or code assigned to a system to uniquely identify the system.,complexContent-extension
TaskType,structures:ObjectType,ObjectType,16,"[""TaskAssignedDate"", ""TaskAssignedEntity"", ""TaskCompletedIndicator"", ""TaskCompletedPercent"", ""TaskDescriptionText"", ""TaskDueDate"", ""TaskEndDate"", ""TaskFunctionAbstract"", ""TaskID"", ""TaskLocation"", ""TaskName"", ""TaskOutcomeDescriptionText"", ""TaskStartDate"", ""TaskStatus"", ""TaskSuccessCriteriaText"", ""TaskAugmentationPoint""]",A data type for a clearly defined action or activity specifically assigned to an individual or organization that must be done as it is imposed by an appropriate authority.,complexContent-extension
TelecommunicationDeviceSIMCardAssociationType,nc:AssociationType,AssociationType,3,"[""TelecommunicationDevice"", ""SIMCard"", ""TelecommunicationDeviceSIMCardAssociationAugmentationPoint""]",A data type for an association between a telecommunication device and a SIM card.,complexContent-extension
TelephoneNumberType,structures:ObjectType,ObjectType,4,"[""TelephoneNumberAbstract"", ""TelephoneNumberCategoryAbstract"", ""TelephoneNumberDescriptionText"", ""TelephoneNumberAugmentationPoint""]",A data type for a telephone number for a telecommunication device.,complexContent-extension
TemperatureMeasureType,nc:MeasureType,MeasureType,2,"[""TemperatureUnitAbstract"", ""TemperatureMeasureAugmentationPoint""]",A data type for a measure of a temperature.,complexContent-extension
TextType,niem-xs:string,string,0,[],A data type for a character string.,simpleContent-wrapper
TimeMeasureType,nc:MeasureType,MeasureType,2,"[""TimeUnitAbstract"", ""TimeMeasureAugmentationPoint""]",A data type for a measure of an amount of time.,complexContent-extension
TimeRangeType,structures:ObjectType,ObjectType,3,"[""BeginTime"", ""EndTime"", ""TimeRangeAugmentationPoint""]",A data type for a start and end time.,complexContent-extension
TokenListType,nc:TokenListSimpleType,TokenListSimpleType,0,[],A data type for a white space-delimited list of tokens.,simpleContent-wrapper
TransportationAssociationType,nc:AssociationType,AssociationType,6,"[""Conveyance"", ""ConveyedItem"", ""ConveyanceOperator"", ""ConveyedPerson"", ""ConveyancePassengerQuantity"", ""TransportationAssociationAugmentationPoint""]",A data type for an association between a conveyance and the people and/or goods it transported.,complexContent-extension
TreatmentType,nc:ActivityType,ActivityType,4,"[""TreatmentText"", ""TreatmentProvider"", ""Person"", ""TreatmentAugmentationPoint""]",A data type for a treatment of a person for a mental or physical condition.,complexContent-extension
UnsignedIntegerRangeType,structures:ObjectType,ObjectType,3,"[""RangeMaximumUnsignedIntegerValue"", ""RangeMinimumUnsignedIntegerValue"", ""UnsignedIntegerRangeAugmentationPoint""]",A data type for a range of unsigned integer values.,complexContent-extension
UTMCoordinateType,nc:UTMCoordinateSimpleType,UTMCoordinateSimpleType,0,[],"A data type for a coordinate from the Universal Transverse Mercator (UTM) Coordinate System, which represents a location with a hemisphere, zone, an easting value, and a northing value.",simpleContent-wrapper
VehicleType,nc:ConveyanceType,ConveyanceType,18,"[""VehicleCMVIndicator"", ""VehicleColorInteriorAbstract"", ""VehicleDoorQuantity"", ""VehicleIdentification"", ""VehicleMakeAbstract"", ""VehicleModelAbstract"", ""VehicleMSRPAmount"", ""VehicleOdometerReadingMeasure"", ""VehiclePassengerSafeQuantity"", ""VehicleSeatingQuantity"", ""VehicleTransmissionCategoryAbstract"", ""VehicleAxleQuantity"", ""VehicleCurrentWeightMeasure"", ""VehicleGrossLadenSumWeightMeasure"", ""VehicleGrossLadenUnitWeightMeasure"", ""VehicleMaximumLoadWeightMeasure"", ""VehicleUnladenWeightMeasure"", ""VehicleAugmentationPoint""]","A data type for a conveyance designed to carry an operator, passengers and/or cargo, over land.",complexContent-extension
VelocityMeasureType,nc:SpeedMeasureType,SpeedMeasureType,2,"[""Bearing"", ""VelocityMeasureAugmentationPoint""]",A data type for a velocity measurement.,complexContent-extension
VesselType,nc:ConveyanceType,ConveyanceType,8,"[""VesselMakeAbstract"", ""VesselCategoryAbstract"", ""VesselHullIdentification"", ""VesselHullMaterialAbstract"", ""VesselHullShapeAbstract"", ""VesselPropulsionAbstract"", ""VesselTrailer"", ""VesselAugmentationPoint""]",A data type for a mode of transportation capable of transport by water.,complexContent-extension
VolumeMeasureType,nc:MeasureType,MeasureType,2,"[""VolumeUnitAbstract"", ""VolumeMeasureAugmentationPoint""]",A data type for a measure of an amount of space.,complexContent-extension
WeaponType,nc:ItemType,ItemType,4,"[""WeaponUser"", ""WeaponInvolvedInActivity"", ""WeaponUsageAbstract"", ""WeaponAugmentationPoint""]",A data type for a property item used as an instrument of attack or defense.,complexContent-extension
WeightMeasureType,nc:MeasureType,MeasureType,2,"[""WeightUnitAbstract"", ""WeightMeasureAugmentationPoint""]",A data type for a measure of a weight.,complexContent-extension
YesNoUnknownCodeType,nc:YesNoUnknownCodeSimpleType,YesNoUnknownCodeSimpleType,0,[],"A data type for a ternary or three-option indicator representing true/yes, false/no, and unknown.",simpleContent-wrapper
ZuluDateTimeType,nc:ZuluDateTimeSimpleType,ZuluDateTimeSimpleType,0,[],"A data type for a dateTime constrained to always be Zulu time, time at the Zero Meridian.",simpleContent-wrapper
